{"acc": 0.587808682444046, "loss": 0.627300850799956}