{"acc": 0.9516500700064336, "loss": 0.015522431479520149}