{"acc": 0.513337135277521, "loss": 0.03845445804153491}