{"acc": 0.31290155656585117, "loss": 0.6331245070700454}