{"acc": 0.9175795978420279, "loss": 0.9429112329321947}