{"acc": 0.4271077198080965, "loss": 0.9427114693504614}