{"acc": 0.9379859552477859, "loss": 0.6795032504800889}