{"acc": 0.5279840675901765, "loss": 0.05027542515250005}