{"acc": 0.20820925579601568, "loss": 0.7189254536865495}