{"acc": 0.6747442203442146, "loss": 0.4761670556544001}