{"acc": 0.9170011043683933, "loss": 0.7591024773342682}