{"acc": 0.9983524642879501, "loss": 0.3287631590714294}