{"acc": 0.44664836009322195, "loss": 0.16968685678842166}