{"acc": 0.04390199692467789, "loss": 0.743852320215295}