{"acc": 0.6657809538634042, "loss": 0.6465035746492847}