{"acc": 0.9871860983579992, "loss": 0.23662514771116883}