{"acc": 0.16549526421147287, "loss": 0.7610368366942948}