{"acc": 0.5089309849689527, "loss": 0.24047857291658215}