{"acc": 0.36447557297570277, "loss": 0.4544869642717926}