{"acc": 0.008239360993496647, "loss": 0.12295130689247469}