{"acc": 0.6875650788527923, "loss": 0.5829150203861749}