{"acc": 0.07896262386627917, "loss": 0.22168552582578238}