{"acc": 0.4315853612936439, "loss": 0.702077347115811}