{"acc": 0.7455927533165702, "loss": 0.6157699054542455}