{"acc": 0.8059463751473276, "loss": 0.9968553085102715}