{"acc": 0.13283412813156592, "loss": 0.9679302538056171}