{"acc": 0.46182090470048986, "loss": 0.8318679359382649}