{"acc": 0.24696947340758624, "loss": 0.4048792681942871}