{"acc": 0.35919126262364287, "loss": 0.3107373798518429}