{"acc": 0.022972149500200323, "loss": 0.056512352921095355}