{"acc": 0.3996087403224715, "loss": 0.8225690952413608}