{"acc": 0.3369938142687585, "loss": 0.582969863120953}