{"acc": 0.3504518955695288, "loss": 0.7141098716674948}