{"acc": 0.2585332598080694, "loss": 0.8420630922374565}