{"acc": 0.23040981063276766, "loss": 0.9872018249707397}