{"acc": 0.4117822791481154, "loss": 0.40057796190105077}