{"acc": 0.032704278201607484, "loss": 0.2406506389538845}