{"acc": 0.13932640687311837, "loss": 0.26608176147564977}