{"acc": 0.32683359356573927, "loss": 0.8415676494827334}