{"acc": 0.6491631834748836, "loss": 0.5794306758220404}