{"acc": 0.386434066012177, "loss": 0.9240953526756595}