{"acc": 0.4768821542133582, "loss": 0.9877187935753216}