{"acc": 0.56411844802634, "loss": 0.6303641907295394}