{"acc": 0.305453441606784, "loss": 0.8345610767470298}