{"acc": 0.3542428604623573, "loss": 0.4125302188048845}