{"acc": 0.9132414707257134, "loss": 0.6965180156342339}