{"acc": 0.8924953196286811, "loss": 0.8161913531608701}