{"acc": 0.028955278687418762, "loss": 0.8257994824108826}