{"acc": 0.7873753497621693, "loss": 0.014178923221154327}