{"acc": 0.4313855379648531, "loss": 0.32689253288786657}