{"acc": 0.006820527991888259, "loss": 0.026445961575811472}