{"acc": 0.32822158989463346, "loss": 0.7841839117620155}