{"acc": 0.98235320185774, "loss": 0.9212181834492765}