{"acc": 0.2579332372220745, "loss": 0.8514496910928415}