{"acc": 0.39028976191691667, "loss": 0.27414989184788263}