{"acc": 0.8851220049463893, "loss": 0.028280460063879964}