{"acc": 0.3179381530324601, "loss": 0.6824534711109432}