{"acc": 0.4453143693058925, "loss": 0.39788696706580173}