{"acc": 0.22790215849865825, "loss": 0.5861938307269728}