{"acc": 0.5654934056891295, "loss": 0.871212892479911}