{"acc": 0.1871405069675749, "loss": 0.6836946085131709}