{"acc": 0.5062070380686199, "loss": 0.719081382542833}