{"acc": 0.7038669898106288, "loss": 0.01787392447820535}