{"acc": 0.9292854983266382, "loss": 0.7876437888641925}