{"acc": 0.8545606086811663, "loss": 0.8646220843688788}