{"acc": 0.41143198957737914, "loss": 0.21930290845150713}