{"acc": 0.8832948973550839, "loss": 0.3165864549769062}