{"acc": 0.393478037222598, "loss": 0.7819918722530018}