{"acc": 0.9382330263768308, "loss": 0.6474723966544746}