{"acc": 0.26881633580666187, "loss": 0.7858798402523001}