{"acc": 0.7246864107404476, "loss": 0.3031746324142458}