{"acc": 0.5849050338711507, "loss": 0.7560995018314529}