{"acc": 0.14070621459158184, "loss": 0.48166122531056677}