{"acc": 0.18659569679038157, "loss": 0.10724784382039065}