{"acc": 0.9835535134122368, "loss": 0.161690253500136}