{"acc": 0.21795103541328276, "loss": 0.5563023150792046}