{"acc": 0.5781754322110927, "loss": 0.2439400035562882}