{"acc": 0.23183280620160385, "loss": 0.51133085383182}