{"acc": 0.7677619881529799, "loss": 0.5689095756263076}