{"acc": 0.07004291480810887, "loss": 0.9251954453470729}