{"acc": 0.7853725967860005, "loss": 0.15814060846290834}