{"acc": 0.6583888633580531, "loss": 0.06762098134572803}