{"acc": 0.46027264802464396, "loss": 0.22323151708103517}