{"acc": 0.6132566185986347, "loss": 0.6547549501336022}