{"acc": 0.5397122484773039, "loss": 0.9366295626953578}