{"acc": 0.2997834796779415, "loss": 0.7421651207037584}