{"acc": 0.7585376861220039, "loss": 0.5871963233284733}