{"acc": 0.31543164435793125, "loss": 0.660280904774601}