{"acc": 0.988389451760897, "loss": 0.6482764641843185}