{"acc": 0.996385789510447, "loss": 0.890525957306073}