{"acc": 0.8664135191720136, "loss": 0.8175224560089516}