{"acc": 0.012944762326395742, "loss": 0.34874453307007025}