{"acc": 0.4219952084167876, "loss": 0.01868061045146252}