{"acc": 0.17366098004616726, "loss": 0.6477010513420514}