{"acc": 0.15138181620900293, "loss": 0.6909555736702411}