{"acc": 0.7724552217519208, "loss": 0.6074680477716875}