{"acc": 0.9742119818634621, "loss": 0.1670437131706426}