{"acc": 0.8081294689049502, "loss": 0.8342931661412829}