{"acc": 0.4349771958341241, "loss": 0.7824216083188278}