{"acc": 0.04325603309629211, "loss": 0.43640728864213363}