{"acc": 0.4288162911347695, "loss": 0.7890085550360854}