{"acc": 0.3197532227017159, "loss": 0.4776755017890595}