{"acc": 0.7818421852798453, "loss": 0.9019902791056891}