{"acc": 0.9594688041846683, "loss": 0.37403874836328466}