{"acc": 0.038125166346345885, "loss": 0.3173812559618553}