{"acc": 0.19321223689017752, "loss": 0.8614671631042745}