{"acc": 0.5511983852800888, "loss": 0.07328964307743036}