{"acc": 0.9642807918023424, "loss": 0.14674120986853445}