{"acc": 0.1453016010362178, "loss": 0.8464310328431203}