{"acc": 0.23765177969523155, "loss": 0.2497274999438297}