{"acc": 0.46507002754579163, "loss": 0.7564489496630614}