{"acc": 0.7147029626117922, "loss": 0.7092484337324382}