{"acc": 0.9235794191645135, "loss": 0.7807014136333986}