{"acc": 0.7402658074744483, "loss": 0.26356919540032053}