{"acc": 0.39375893358906877, "loss": 0.8174648975115792}