{"acc": 0.5855709430642023, "loss": 0.23592899770848363}