{"acc": 0.9342751696407203, "loss": 0.41387176913593815}