{"acc": 0.6143645555610813, "loss": 0.34766149044502326}