{"acc": 0.7067069323749863, "loss": 0.20201153142405714}