{"acc": 0.0333649091596101, "loss": 0.12295652509686161}