{"acc": 0.17378375281400738, "loss": 0.43535687464358663}