{"acc": 0.20251797340977618, "loss": 0.48402620750888736}