{"acc": 0.09734667408737141, "loss": 0.640527826129043}