{"acc": 0.16524247963818373, "loss": 0.5300438761816264}