{"acc": 0.9106141725928856, "loss": 0.6250848408563042}