{"acc": 0.49051490047197377, "loss": 0.029545917326030735}