{"acc": 0.900018700924164, "loss": 0.4801067145776262}