{"acc": 0.5446545302915713, "loss": 0.15815184107965619}