{"acc": 0.6612449712099385, "loss": 0.7943234802915309}