{"acc": 0.9011507608286962, "loss": 0.5559038832826018}