{"acc": 0.29498628755533807, "loss": 0.5857571515690732}