{"acc": 0.8712917725394225, "loss": 0.833571777790335}