{"acc": 0.5313319567181347, "loss": 0.011598540629547016}