{"acc": 0.24552722523541648, "loss": 0.03007145389635868}