{"acc": 0.07004826736750436, "loss": 0.7620624168034827}