{"acc": 0.6849351742478995, "loss": 0.45718413221852494}