{"acc": 0.2354720083444598, "loss": 0.28760651553517724}