{"acc": 0.6876293354882227, "loss": 0.7728228414455773}