{"acc": 0.9756380056537269, "loss": 0.14042171199751918}