{"acc": 0.4347092208261064, "loss": 0.46321245417813406}