{"acc": 0.16665338287193643, "loss": 0.8468346713840976}