{"acc": 0.7440374597679912, "loss": 0.7533946076885858}