{"acc": 0.8833939259967402, "loss": 0.3173281670173639}