{"acc": 0.2432062143584195, "loss": 0.20480742857418743}