{"acc": 0.8758618489635959, "loss": 0.1401663938070098}