{"acc": 0.9142954770821952, "loss": 0.9303859028504735}