{"acc": 0.3671075666854996, "loss": 0.3699566223387135}