{"acc": 0.27314273473086403, "loss": 0.970565611336567}