{"acc": 0.5558328216708813, "loss": 0.8436945257723493}