{"acc": 0.917787091818894, "loss": 0.5904382071904053}