{"acc": 0.06248281637675934, "loss": 0.10941718216743446}