{"acc": 0.28227312178120934, "loss": 0.6943002980712127}