{"acc": 0.8321009197606135, "loss": 0.3693382394344774}