{"acc": 0.785078477400058, "loss": 0.28339036292599173}