{"acc": 0.10967516468582106, "loss": 0.034295041088676426}