{"acc": 0.2559786581064235, "loss": 0.19933563645808694}