{"acc": 0.11310713783355841, "loss": 0.03582897720726674}