{"acc": 0.5452526621975959, "loss": 0.7909701341768749}