{"acc": 0.07532077031672868, "loss": 0.45056608653910146}