{"acc": 0.5680052541475367, "loss": 0.6109803529479102}