{"acc": 0.3852870208789456, "loss": 0.5886554869398378}