{"acc": 0.5602919792176474, "loss": 0.91815385885833}