{"acc": 0.25026430012526346, "loss": 0.10258148341656548}