{"acc": 0.8540661415064614, "loss": 0.701579221342871}