{"acc": 0.5987322110594255, "loss": 0.2950832073084434}