{"acc": 0.6899426977687045, "loss": 0.5114756499506142}