{"acc": 0.7483382314634845, "loss": 0.533257171830705}