{"acc": 0.6292498374725508, "loss": 0.7715871005468659}