{"acc": 0.41590143052095063, "loss": 0.036957417945197246}