{"acc": 0.5897201022090762, "loss": 0.09272402522651424}