{"acc": 0.6970335466948951, "loss": 0.6586406496366093}