{"acc": 0.06137278903030918, "loss": 0.5331880725517436}