{"acc": 0.20627361364489472, "loss": 0.3447003648371796}