{"acc": 0.9869708187120046, "loss": 0.07925635535216013}