{"acc": 0.2603101440527448, "loss": 0.10554823472731523}