{"acc": 0.8323908643658541, "loss": 0.7430805406337653}