{"acc": 0.1546881091865866, "loss": 0.188902129814692}