{"acc": 0.5336660318745177, "loss": 0.7146728585980281}