{"acc": 0.4685634566964064, "loss": 0.24070854253160323}