{"acc": 0.07487447442402528, "loss": 0.45498290719980383}