{"acc": 0.45214050452053645, "loss": 0.9158833684267845}