{"acc": 0.02700749128398172, "loss": 0.012056839060088587}