{"acc": 0.061914890600142436, "loss": 0.9923787955533773}