{"acc": 0.8225656458598658, "loss": 0.2487493251978079}