{"acc": 0.03437656194316718, "loss": 0.1293436298093419}