{"acc": 0.5225061576277543, "loss": 0.293744614151879}