{"acc": 0.3725249971948821, "loss": 0.13363491584107234}