{"acc": 0.252816614683504, "loss": 0.0018233727056325977}