{"acc": 0.795913688833308, "loss": 0.9749692621256331}