{"acc": 0.7471336614355183, "loss": 0.7500951970796312}