{"acc": 0.6311122481689667, "loss": 0.4772702646262932}