{"acc": 0.4807356499969414, "loss": 0.4866715864727147}