{"acc": 0.5727582146237767, "loss": 0.11799701726836187}