{"acc": 0.5909993481192466, "loss": 0.29561122160899733}