{"acc": 0.42067644853720376, "loss": 0.7654190741040393}