{"acc": 0.7071623985154225, "loss": 0.9333428100954382}