{"acc": 0.8197052921516652, "loss": 0.32678445916408705}