{"acc": 0.6651796944006451, "loss": 0.08831157156227154}