{"acc": 0.3744658291618359, "loss": 0.5953696012421068}