{"acc": 0.7830241312456513, "loss": 0.744973050969519}