{"acc": 0.584614588249897, "loss": 0.020787302094512405}