{"acc": 0.09202949990828924, "loss": 0.7142728006736826}