{"acc": 0.47352625396966985, "loss": 0.19928165476993498}