{"acc": 0.36701148553422214, "loss": 0.22417625864392998}