{"acc": 0.27176513097234234, "loss": 0.073853797798213}