{"acc": 0.39989786876008737, "loss": 0.8799911080651354}