{"acc": 0.9102085645686915, "loss": 0.7064831698108944}