{"acc": 0.4351015407156107, "loss": 0.1154906083336098}