{"acc": 0.6037489305542482, "loss": 0.03375935493675297}