{"acc": 0.1528003387341481, "loss": 0.9427575595557603}