{"acc": 0.9017245211099532, "loss": 0.8284551952185412}