{"acc": 0.36235729009376805, "loss": 0.6860257739376182}