{"acc": 0.8746361232144961, "loss": 0.7633481809983786}