{"acc": 0.4254122861110471, "loss": 0.026276923067092173}