{"acc": 0.6193001591924454, "loss": 0.5173361951466268}