{"acc": 0.49455057668319, "loss": 0.9741587056695354}