{"acc": 0.10373581556955158, "loss": 0.6264595409031204}