{"acc": 0.3185777368337228, "loss": 0.8072985506685334}