{"acc": 0.44277791047692683, "loss": 0.8006054260947076}