{"acc": 0.9201398584950161, "loss": 0.2946466789862445}