{"acc": 0.296608990018001, "loss": 0.2045915494868299}