{"acc": 0.6442138851330811, "loss": 0.01610653499621173}