{"acc": 0.7162128315138276, "loss": 0.8158997381909312}