{"acc": 0.10726647949257972, "loss": 0.8620117939738263}