{"acc": 0.8046819807792511, "loss": 0.5861925744053241}