{"acc": 0.8227878137048766, "loss": 0.2459293179029628}