{"acc": 0.7439056816009811, "loss": 0.3363586189940999}