{"acc": 0.3898254565341084, "loss": 0.8614104340899695}