{"acc": 0.6125072495683288, "loss": 0.9787460145298965}