{"acc": 0.1036968266554188, "loss": 0.5094953867177145}