{"acc": 0.4565685801009475, "loss": 0.4482475401888252}