{"acc": 0.16547891007726923, "loss": 0.2001438141351508}