{"acc": 0.6410736085295681, "loss": 0.14403510188891222}