{"acc": 0.2846977413216636, "loss": 0.66272639711737}