{"acc": 0.1705125517932693, "loss": 0.3837999929517284}