{"acc": 0.5114078415018344, "loss": 0.35289746520698895}