{"acc": 0.6601148359774284, "loss": 0.4205249746081282}