{"acc": 0.47174022296010154, "loss": 0.6894416902808879}