{"acc": 0.08276839624128596, "loss": 0.46905027688764267}