{"acc": 0.4414092512311846, "loss": 0.08724784684756781}