{"acc": 0.35838477280468795, "loss": 0.580410287697136}