{"acc": 0.8910780395104968, "loss": 0.7937239554279962}