{"acc": 0.6274061047840653, "loss": 0.4879820662837625}