{"acc": 0.09876123598622377, "loss": 0.5374248676884605}