{"acc": 0.3914772663647307, "loss": 0.5530930112502076}