{"acc": 0.3845389981238472, "loss": 0.534988750956745}