{"acc": 0.27608499480285487, "loss": 0.05758435073599122}