{"acc": 0.3019985213175951, "loss": 0.5088209530733323}