{"acc": 0.2897744162653153, "loss": 0.6008872403445465}