{"acc": 0.0889818986925287, "loss": 0.4462100278231961}