{"acc": 0.35662547804370615, "loss": 0.8896253867592083}