{"acc": 0.43362344146696996, "loss": 0.47335543969231686}