{"acc": 0.16712565180173167, "loss": 0.368149343841925}