{"acc": 0.5307082675426098, "loss": 0.4525303806920048}