{"acc": 0.5503432440183986, "loss": 0.544362277915906}