{"acc": 0.4713716738765361, "loss": 0.6487190371799252}