{"acc": 0.13178111292371275, "loss": 0.5064077786034021}