{"acc": 0.5714890465051474, "loss": 0.1631238870981232}