{"acc": 0.7905109691741405, "loss": 0.7449996763949976}