{"acc": 0.30058769167513144, "loss": 0.41592345530173014}