{"acc": 0.784336609078222, "loss": 0.4999458213816752}