{"acc": 0.9988792686270686, "loss": 0.5301411008419851}