{"acc": 0.4940676877002529, "loss": 0.10340888039531215}