{"acc": 0.8801803426843753, "loss": 0.40258295624646223}