{"acc": 0.9533190594286527, "loss": 0.5886991253266588}