{"acc": 0.5709764524898636, "loss": 0.5373472993660756}