{"acc": 0.3139368909190282, "loss": 0.9636050695582289}