{"acc": 0.9704495325758995, "loss": 0.013974492521263149}