{"acc": 0.8176051753287626, "loss": 0.26634801834987043}