{"acc": 0.025238244693631784, "loss": 0.6092107418932557}