{"acc": 0.45449732033536294, "loss": 0.6023020676568163}