{"acc": 0.9422607782426556, "loss": 0.737646548764079}