{"acc": 0.0281867859122501, "loss": 0.1383389117756726}