{"acc": 0.8884464629211046, "loss": 0.5377928620226117}