{"acc": 0.7227405479757294, "loss": 0.36104318348596387}