{"acc": 0.7311264853961195, "loss": 0.592343143172327}