{"acc": 0.13069737049994878, "loss": 0.3745217527681688}