{"acc": 0.23861515930302712, "loss": 0.11446802157362457}