{"acc": 0.15316512010181837, "loss": 0.37534704747979986}