{"acc": 0.619153395070723, "loss": 0.7778046368081976}