{"acc": 0.4317915598530714, "loss": 0.02638457618565626}