{"acc": 0.5129437491283175, "loss": 0.1853270111185059}