{"acc": 0.4138138850237373, "loss": 0.7161715504956271}