{"acc": 0.6079889391800516, "loss": 0.31471500559149557}