{"acc": 0.9215264703227458, "loss": 0.3262060923505}