{"acc": 0.7425422478429343, "loss": 0.4331715926318156}