{"acc": 0.6359294204459468, "loss": 0.7743940226801307}