{"acc": 0.12312623960167912, "loss": 0.01583710052236864}