{"acc": 0.4417160336750061, "loss": 0.2559888322642435}