{"acc": 0.5945107694711681, "loss": 0.26138025931139386}