{"acc": 0.6142348479114758, "loss": 0.13235107530403367}