{"acc": 0.2089286935950414, "loss": 0.468028235295715}