{"acc": 0.8884098607657273, "loss": 0.9308042597643342}