{"acc": 0.02498538674838091, "loss": 0.7135100614313256}