{"acc": 0.9519632491278578, "loss": 0.48994550217313726}