{"acc": 0.18688039097082298, "loss": 0.9381753730890338}