{"acc": 0.8358189512649257, "loss": 0.11427241964778623}