{"acc": 0.6644114018212615, "loss": 0.15074510858537504}