{"acc": 0.624623680810565, "loss": 0.6618403710833647}