{"acc": 0.5598299390675844, "loss": 0.7807121677429677}