{"acc": 0.43010084626929757, "loss": 0.9131796924805484}