{"acc": 0.752233152879902, "loss": 0.5839646960337904}