{"acc": 0.04854843829853295, "loss": 0.7259461177320149}