{"acc": 0.9449956420826283, "loss": 0.13170493261417726}