{"acc": 0.995586245478981, "loss": 0.9637543659207479}