{"acc": 0.5489327588690608, "loss": 0.22395479851152011}