{"acc": 0.3135386421073686, "loss": 0.2871961875113902}