{"acc": 0.7441386917612315, "loss": 0.7374969989101945}