{"acc": 0.6994206213648826, "loss": 0.07651317186151407}