{"acc": 0.9388756169304764, "loss": 0.008011361360674152}