{"acc": 0.7809438770571246, "loss": 0.05965091646472942}