{"acc": 0.8654365622118483, "loss": 0.2581104965722123}