{"acc": 0.21278727387368968, "loss": 0.4328837433406746}