{"acc": 0.9972009307700911, "loss": 0.736457252763626}