{"acc": 0.4528492648365625, "loss": 0.3505087038780149}