{"acc": 0.2912227471678148, "loss": 0.03619406633133271}