{"acc": 0.9906376784704919, "loss": 0.5064152822259786}