{"acc": 0.40804957673008324, "loss": 0.7101088536604717}