{"acc": 0.30262199465256456, "loss": 0.5985654069168874}