{"acc": 0.8719763368579336, "loss": 0.4091996564716297}