{"acc": 0.3296892086855624, "loss": 0.5511665349676608}