{"acc": 0.6617175507652561, "loss": 0.23297435005052436}