{"acc": 0.13040904574707735, "loss": 0.8554863143587818}