{"acc": 0.7522267431703038, "loss": 0.30939048821377346}