{"acc": 0.5508684255629568, "loss": 0.6737088793175395}