{"acc": 0.6105130669428733, "loss": 0.44257769700225447}