{"acc": 0.38307605716814985, "loss": 0.4870999247595268}