{"acc": 0.8619736380493218, "loss": 0.8391831157798981}