{"acc": 0.08803341414317922, "loss": 0.6392282698626565}