{"acc": 0.16114764571214324, "loss": 0.8745049386310233}