{"acc": 0.7083254667873939, "loss": 0.43326428582144505}