{"acc": 0.44157209642192685, "loss": 0.028764967043044987}