{"acc": 0.24695552214178773, "loss": 0.4148841083205612}