{"acc": 0.3217107982868205, "loss": 0.16009817142346983}