{"acc": 0.5031039148300311, "loss": 0.4560508106744813}