{"acc": 0.8447769397861754, "loss": 0.15999031234515915}