{"acc": 0.8971446873669919, "loss": 0.8529411620714974}