{"acc": 0.8316458304893728, "loss": 0.19751008329474373}