{"acc": 0.288795476632122, "loss": 0.6006811684032414}