{"acc": 0.6990423697007585, "loss": 0.09087489257198256}