{"acc": 0.47887399593639424, "loss": 0.21298464833018038}