{"acc": 0.20794607943953602, "loss": 0.6170190918694997}