{"acc": 0.797247115244039, "loss": 0.4411995484735427}