{"acc": 0.7582978311085279, "loss": 0.6894684513212815}