{"acc": 0.8100545499114674, "loss": 0.8900776537571449}