{"acc": 0.45115552671742387, "loss": 0.4821118977716049}