{"acc": 0.7233894621870163, "loss": 0.18265381422101457}