{"acc": 0.814951528047784, "loss": 0.8569543595754533}