{"acc": 0.5919806085789093, "loss": 0.8036986307284509}