{"acc": 0.25677619750770486, "loss": 0.2500911865032157}