{"acc": 0.518160272453391, "loss": 0.4538224070812219}