{"acc": 0.36824201566789294, "loss": 0.8340878572718782}