{"acc": 0.06174336740025188, "loss": 0.9476363345121455}