{"acc": 0.0564568942927931, "loss": 0.38092127497388106}