{"acc": 0.7046081466226704, "loss": 0.8519398234823712}