{"acc": 0.20284181823149816, "loss": 0.9244593628787189}