{"acc": 0.1478966446294797, "loss": 0.22168791859278103}