{"acc": 0.40203676737773564, "loss": 0.14120447113653034}