{"acc": 0.724261166273171, "loss": 0.7587734180401576}