{"acc": 0.9926108989775474, "loss": 0.16747344874789738}