{"acc": 0.5417267654450004, "loss": 0.3622494601779831}