{"acc": 0.6389678797530179, "loss": 0.37190008103704997}