{"acc": 0.7548248680747991, "loss": 0.18967639230958588}