{"acc": 0.7636761716155468, "loss": 0.7811147469244725}