{"acc": 0.6765070043604194, "loss": 0.3923902212434558}