{"acc": 0.8055170872036166, "loss": 0.39457806989179256}