{"acc": 0.3687824186451556, "loss": 0.28719764373364187}