{"acc": 0.694130058724521, "loss": 0.5742269752396149}