{"acc": 0.4329498672403761, "loss": 0.43184820630426246}