{"acc": 0.1730813920090365, "loss": 0.32859532396163427}