{"acc": 0.5316772492638915, "loss": 0.3772202911641258}