{"acc": 0.9679432959297385, "loss": 0.9334500227459533}