{"acc": 0.7374968378965611, "loss": 0.4846136039943354}