{"acc": 0.20978952686207752, "loss": 0.920049104650122}