{"acc": 0.58681988054518, "loss": 0.990471181955463}