{"acc": 0.3976003494488719, "loss": 0.013084907818137537}