{"acc": 0.17184392876183197, "loss": 0.6067748806062055}