{"acc": 0.19541972532939034, "loss": 0.297016980794668}