{"acc": 0.8838546417581048, "loss": 0.7489558534755737}