{"acc": 0.8427575473151526, "loss": 0.2934266530465467}