{"acc": 0.7238705716535879, "loss": 0.827519938596452}