{"acc": 0.23926194639482234, "loss": 0.1334828510516204}