{"acc": 0.18636529573982386, "loss": 0.45357009493381173}