{"acc": 0.04511992990468361, "loss": 0.05001901952711618}