{"acc": 0.7387996250645588, "loss": 0.7277417452859627}