{"acc": 0.397115569837305, "loss": 0.3430219516216154}