{"acc": 0.5907292584231808, "loss": 0.3061539381614564}