{"acc": 0.2690774897211057, "loss": 0.23803961374734173}