{"acc": 0.49405893080815155, "loss": 0.3646173821388117}