{"acc": 0.7817421828367647, "loss": 0.3901720885664971}