{"acc": 0.14271509435251306, "loss": 0.733822225572413}