{"acc": 0.03672971931628444, "loss": 0.5042762908868167}