{"acc": 0.70445149720021, "loss": 0.34205269177271214}