{"acc": 0.8572320854054065, "loss": 0.9209533084477841}