{"acc": 0.3838216905539955, "loss": 0.7680496158999344}