{"acc": 0.41201216159207243, "loss": 0.6144343219264458}