{"acc": 0.4958498055986178, "loss": 0.42413082879148867}