{"acc": 0.41155385717930715, "loss": 0.7946387606948421}