{"acc": 0.5401488808586118, "loss": 0.8763623207439449}