{"acc": 0.5405222739162181, "loss": 0.6216294300347651}