{"acc": 0.19992738992468995, "loss": 0.20402766017611418}