{"acc": 0.2655089327346384, "loss": 0.30638720011977627}