{"acc": 0.8225008575364848, "loss": 0.5556570083079337}