{"acc": 0.9021456235701919, "loss": 0.9722913544192545}