{"acc": 0.6119485329961727, "loss": 0.6897537021621034}