{"acc": 0.5800226792289641, "loss": 0.2419730816582365}