{"acc": 0.7541945336492848, "loss": 0.3290104619560682}