{"acc": 0.5416503356324123, "loss": 0.11968034433556762}