{"acc": 0.48364948831809185, "loss": 0.3154134651003261}