{"acc": 0.7515075085486344, "loss": 0.37193864902962015}