{"acc": 0.8011169221365647, "loss": 0.8906437188815766}