{"acc": 0.4976343809275994, "loss": 0.861650344574086}