{"acc": 0.7560439398188714, "loss": 0.16915595760510282}