{"acc": 0.7220405244608359, "loss": 0.13122021209216672}