{"acc": 0.11881801054012042, "loss": 0.12589482454586742}