{"acc": 0.5811145150176161, "loss": 0.27254742292006173}