{"acc": 0.6865446337646539, "loss": 0.1473873294615352}