{"acc": 0.28523751724774116, "loss": 0.18028922971051098}