{"acc": 0.7135979776083876, "loss": 0.8588009992353016}