{"acc": 0.37960735647168786, "loss": 0.9109012200493287}