{"acc": 0.005200521689211257, "loss": 0.4917318246069132}