{"acc": 0.4291977770301413, "loss": 0.190827595336439}