{"acc": 0.11929597631360023, "loss": 0.028363275102238683}