{"acc": 0.7045959567124501, "loss": 0.25901866232847803}