{"acc": 0.03463501275179126, "loss": 0.02724448248644107}