{"acc": 0.7253480878624907, "loss": 0.0034517217915913667}