{"acc": 0.4835724264938356, "loss": 0.7082498694962048}