{"acc": 0.7422734476957418, "loss": 0.3851867118816903}