{"acc": 0.2384940607697268, "loss": 0.7539893577708713}