{"acc": 0.668031507065912, "loss": 0.024366232250852105}