{"acc": 0.3428228333705119, "loss": 0.0033924443162753892}