{"acc": 0.8022542059849377, "loss": 0.31402895908088935}