{"acc": 0.7453811942064928, "loss": 0.5879101644631493}