{"acc": 0.4641544909057017, "loss": 0.8203412693873516}