{"acc": 0.10911062581501729, "loss": 0.6764577528569038}