{"acc": 0.3381842206854129, "loss": 0.2788460101381769}