{"acc": 0.03148461137826852, "loss": 0.6869463409169079}