{"acc": 0.7248155330805667, "loss": 0.9112570014216589}