{"acc": 0.3839722667750177, "loss": 0.963318993493443}