{"acc": 0.4558374591717348, "loss": 0.5542911940226584}