{"acc": 0.1434887268575007, "loss": 0.020606098051172195}