{"acc": 0.13677170659072801, "loss": 0.7288414789643755}