{"acc": 0.4427007129272159, "loss": 0.5174940437185324}