{"acc": 0.46905741540785995, "loss": 0.4336027655595429}