{"acc": 0.8074945489047228, "loss": 0.2943815534262403}