{"acc": 0.9332210051869814, "loss": 0.01547948294672763}