{"acc": 0.48672826292043125, "loss": 0.1307461807793009}