{"acc": 0.20473492857481668, "loss": 0.2940979417759485}