{"acc": 0.32907933489017904, "loss": 0.8181147598671734}