{"acc": 0.38796464184188517, "loss": 0.6958636154898971}