{"acc": 0.18303215690122587, "loss": 0.573332559583925}