{"acc": 0.8571098446742996, "loss": 0.3518107397289003}