{"acc": 0.7443372874857673, "loss": 0.42019137049931043}