{"acc": 0.3435271183206011, "loss": 0.1621603977703575}