{"acc": 0.19629446469070455, "loss": 0.5935482553674779}