{"acc": 0.5906363969970015, "loss": 0.045893181548727346}