{"acc": 0.9157727412843004, "loss": 0.17441072836484506}