{"acc": 0.4324669022048965, "loss": 0.017786056902688085}