{"acc": 0.10297715105835159, "loss": 0.6329714866458219}