{"acc": 0.8208645737567225, "loss": 0.09594655941259311}