{"acc": 0.12889694900282722, "loss": 0.1723821391317516}