{"acc": 0.6832581178217604, "loss": 0.9858649045088322}