{"acc": 0.48465834632320115, "loss": 0.8192354182403251}