{"acc": 0.29740526708761783, "loss": 0.6897881476445004}