{"acc": 0.1465766137504173, "loss": 0.5023691779743336}