{"acc": 0.6292691138988448, "loss": 0.7985102708980392}