{"acc": 0.16759899249092514, "loss": 0.8477225050841644}