{"acc": 0.1604029746711303, "loss": 0.9295716151437046}