{"acc": 0.09952701820305965, "loss": 0.3192522613219052}