{"acc": 0.4724670558280215, "loss": 0.3851972468073328}