{"acc": 0.2870818732951086, "loss": 0.7919295760377351}