{"acc": 0.6977956988140639, "loss": 0.6556964138854218}