{"acc": 0.7933620578815016, "loss": 0.43692224411454517}