{"acc": 0.1487895702789822, "loss": 0.782828429255655}