{"acc": 0.8715028024792173, "loss": 0.6529098001085543}