{"acc": 0.8428972226306644, "loss": 0.45343955517922563}