{"acc": 0.23110260691472206, "loss": 0.6673634100607759}