{"acc": 0.8706970953763733, "loss": 0.9548083819173957}