{"acc": 0.9431800186160746, "loss": 0.5282970127567783}