{"acc": 0.5434758827680223, "loss": 0.6673093563768202}