{"acc": 0.7970476732869375, "loss": 0.2789688307176642}