{"acc": 0.14738255018475488, "loss": 0.3457695772968816}