{"acc": 0.3077021882601948, "loss": 0.88191156135054}