{"acc": 0.4432952157872686, "loss": 0.02950233146183201}