{"acc": 0.8385788488280775, "loss": 0.20460471987718143}