{"acc": 0.15572894012533045, "loss": 0.24550326754584595}