{"acc": 0.5749519931387286, "loss": 0.6381598196591648}