{"acc": 0.7609896129143418, "loss": 0.9012503842283068}