{"acc": 0.2550856367884434, "loss": 0.1343400932068165}