{"acc": 0.799694993337562, "loss": 0.8580641502030213}