{"acc": 0.9818862103221383, "loss": 0.18403801179416235}