{"acc": 0.6955914070869407, "loss": 0.6084791433755081}