{"acc": 0.014834932870773088, "loss": 0.7774911488601005}