{"acc": 0.5487878452232248, "loss": 0.695728673894182}