{"acc": 0.5255704356173363, "loss": 0.5662992369201758}