{"acc": 0.21035752358373605, "loss": 0.9853218396022652}