{"acc": 0.3338133890363053, "loss": 0.6527519762325225}