{"acc": 0.5597854597072252, "loss": 0.09335659702496224}