{"acc": 0.6386265072834904, "loss": 0.3084113246175868}