{"acc": 0.34409689681662803, "loss": 0.20804673612503077}