{"acc": 0.8744887270660705, "loss": 0.04768842230716841}