{"acc": 0.74932748408706, "loss": 0.2415424936171875}