{"acc": 0.5312711162428555, "loss": 0.6487978355079147}