{"acc": 0.06616260762755677, "loss": 0.6046604236535529}