{"acc": 0.5456660665229703, "loss": 0.875545660824485}