{"acc": 0.7301381752427459, "loss": 0.5808179907231467}