{"acc": 0.2772915720857063, "loss": 0.4314512189899067}