{"acc": 0.6590121639479452, "loss": 0.9616904672457407}