{"acc": 0.5807188534204373, "loss": 0.27002665651166424}