{"acc": 0.6594713284104352, "loss": 0.6876387994068495}