{"acc": 0.8419158486853083, "loss": 0.8441474012438481}