{"acc": 0.9563365692006716, "loss": 0.8772914545412939}