{"acc": 0.5753067181875348, "loss": 0.8648816047530171}