{"acc": 0.3091577167586316, "loss": 0.059070977375785594}