{"acc": 0.3522018278520751, "loss": 0.9949612150728429}