{"acc": 0.4974802473704809, "loss": 0.8735404021392003}