{"acc": 0.5872513717181944, "loss": 0.36618911831207934}