{"acc": 0.8206623796408266, "loss": 0.5791921161854976}