{"acc": 0.6946328660528036, "loss": 0.1410406227464246}