{"acc": 0.14011064573073184, "loss": 0.4648528300226217}