{"acc": 0.5860182041299657, "loss": 0.39312976038930536}