{"acc": 0.9343448082971327, "loss": 0.23481681332422166}