{"acc": 0.3542697798702764, "loss": 0.14481222391217718}