{"acc": 0.0755530066382395, "loss": 0.39845202735838914}