{"acc": 0.5096986855355963, "loss": 0.988178514029522}