{"acc": 0.07922370129306855, "loss": 0.3491704062845754}