{"acc": 0.787752223965139, "loss": 0.201047763777784}