{"acc": 0.1953660475634179, "loss": 0.3661581822747835}