{"acc": 0.9801871125653798, "loss": 0.8599328436010767}