{"acc": 0.7359449887116599, "loss": 0.613511418820093}