{"acc": 0.1181509577062515, "loss": 0.9718823513175141}