{"acc": 0.5227937479701898, "loss": 0.7826453267764185}