{"acc": 0.15878791522309044, "loss": 0.311416721241657}