{"acc": 0.20676164976849953, "loss": 0.8236238998309685}