{"acc": 0.9583912716754647, "loss": 0.402430472862386}