{"acc": 0.16125191259731997, "loss": 0.36291658339099186}