{"acc": 0.08861018729276204, "loss": 0.2993079446326161}