{"acc": 0.9395725825204285, "loss": 0.5285919106841434}