{"acc": 0.3199823159696402, "loss": 0.9467583548948494}