{"acc": 0.9748832886911531, "loss": 0.21581106547227746}