{"acc": 0.33661257542701106, "loss": 0.26144051258833556}