{"acc": 0.899841355357391, "loss": 0.9198179471006386}