{"acc": 0.42864564466623956, "loss": 0.4840054675240347}