{"acc": 0.9507192899248468, "loss": 0.10482483629816353}