{"acc": 0.8281740473393181, "loss": 0.27929032059940695}