{"acc": 0.6618554466914518, "loss": 0.8137981114291037}