{"acc": 0.005761596433081939, "loss": 0.764341340879737}