{"acc": 0.4187115285944297, "loss": 0.11374810581753703}