{"acc": 0.16571214585935268, "loss": 0.9572878613631893}