{"acc": 0.4618187644913626, "loss": 0.3539382965638641}