{"acc": 0.2579998518256196, "loss": 0.6366593869982526}