{"acc": 0.9106374303002003, "loss": 0.030280992074757873}