{"acc": 0.6944467817384842, "loss": 0.6023951120458251}