{"acc": 0.24435235982241665, "loss": 0.5903801213977264}