{"acc": 0.7635265678236542, "loss": 0.669261080351333}