{"acc": 0.8081494579057685, "loss": 0.8956317664566177}