{"acc": 0.3308990357088769, "loss": 0.49416032711668734}