{"acc": 0.863971887182806, "loss": 0.4817285023181569}