{"acc": 0.8966006951121271, "loss": 0.058768350424770244}