{"acc": 0.5618179379148988, "loss": 0.8208845026254853}