{"acc": 0.9481024331004084, "loss": 0.8100722702244947}