{"acc": 0.6832779129076557, "loss": 0.4475390438353223}