{"acc": 0.056582611742233335, "loss": 0.31580594762390335}