{"acc": 0.41958304740722807, "loss": 0.9264205098471993}