{"acc": 0.8496068323556148, "loss": 0.23470707968105597}