{"acc": 0.34910989033219963, "loss": 0.7359103335464549}