{"acc": 0.736054691091524, "loss": 0.2494577389430357}