{"acc": 0.3946684186711823, "loss": 0.738927820152595}