{"acc": 0.006152516616339199, "loss": 0.8997747165954276}