{"acc": 0.5045400515036401, "loss": 0.7594243702092179}