{"acc": 0.4716171639385899, "loss": 0.5907852547246685}