{"acc": 0.32023056845878906, "loss": 0.9666764939764627}