{"acc": 0.5264794678527195, "loss": 0.7699012451943714}