{"acc": 0.7704863385700154, "loss": 0.9389920233751796}