{"acc": 0.05713841564736455, "loss": 0.715945228426019}