{"acc": 0.9011563197910832, "loss": 0.897010451696661}