{"acc": 0.36595382359680395, "loss": 0.422490929095825}