{"acc": 0.4432768745224571, "loss": 0.20956707060811475}