{"acc": 0.6746162477154151, "loss": 0.10270749849204253}