{"acc": 0.3432347916131866, "loss": 0.17079281251193623}