{"acc": 0.01748937314356147, "loss": 0.7098929050696595}