{"acc": 0.30588844115065494, "loss": 0.7564188768531795}