{"acc": 0.2499597290119291, "loss": 0.20646372027198767}