{"acc": 0.14791357153231288, "loss": 0.8354622051142472}