{"acc": 0.5573099750064331, "loss": 0.4114515585195442}