{"acc": 0.18503116599531322, "loss": 0.8903378670456914}