{"acc": 0.11343662142250066, "loss": 0.3040764514760532}