{"acc": 0.08191428054836336, "loss": 0.40714635647320785}