{"acc": 0.6291346924653494, "loss": 0.901572799301077}