{"acc": 0.17398150048818395, "loss": 0.13920338348199723}