{"acc": 0.7942862406191378, "loss": 0.048404734792228066}