{"acc": 0.8787281495647177, "loss": 0.09120556094519316}