{"acc": 0.6113688052040265, "loss": 0.5965710824780837}