{"acc": 0.529611340938832, "loss": 0.63558617707418}