{"acc": 0.769006717363894, "loss": 0.40915185327992376}