{"acc": 0.4918296863271896, "loss": 0.5613583359392967}