{"acc": 0.9361506699337061, "loss": 0.20594662662548258}