{"acc": 0.33977329014712165, "loss": 0.5839955891254164}