{"acc": 0.07357389166098272, "loss": 0.5764711656403226}