{"acc": 0.31380206115697884, "loss": 0.16316094637654555}