{"acc": 0.05195558281792845, "loss": 0.6449972606237976}