{"acc": 0.23217268412346248, "loss": 0.6391949346798046}