{"acc": 0.02854852967649746, "loss": 0.5526453713335927}