{"acc": 0.5548677155309842, "loss": 0.22312580355521416}