{"acc": 0.8690988833627946, "loss": 0.9403231275256422}