{"acc": 0.13227756788659029, "loss": 0.9656446455200483}