{"acc": 0.3699669553768252, "loss": 0.38549280145687836}